INSERT actividad_pregunta values(481',1,'activo','developer','2022-01-10','developer','2022-01-10',161,330);
INSERT actividad_pregunta values(482',1,'activo','developer','2022-01-10','developer','2022-01-10',212,335);
INSERT actividad_pregunta values(483',1,'activo','developer','2022-01-10','developer','2022-01-10',213,335);
INSERT actividad_pregunta values(484',1,'activo','developer','2022-01-10','developer','2022-01-10',216,335);
INSERT actividad_pregunta values(485',1,'activo','developer','2022-01-10','developer','2022-01-10',62,320);
INSERT actividad_pregunta values(486',1,'activo','developer','2022-01-10','developer','2022-01-10',141,328);
INSERT actividad_pregunta values(487',1,'activo','developer','2022-01-10','developer','2022-01-10',142,328);
INSERT actividad_pregunta values(488',1,'activo','developer','2022-01-10','developer','2022-01-10',143,328);
INSERT actividad_pregunta values(489',1,'activo','developer','2022-01-10','developer','2022-01-10',197,333);
INSERT actividad_pregunta values(490',1,'activo','developer','2022-01-10','developer','2022-01-10',242,338);
INSERT actividad_pregunta values(491',1,'activo','developer','2022-01-10','developer','2022-01-10',391,353);
INSERT actividad_pregunta values(492',1,'activo','developer','2022-01-10','developer','2022-01-10',393,353);
INSERT actividad_pregunta values(493',1,'activo','developer','2022-01-10','developer','2022-01-10',442,358);
INSERT actividad_pregunta values(494',1,'activo','developer','2022-01-10','developer','2022-01-10',444,358);
INSERT actividad_pregunta values(495',1,'activo','developer','2022-01-10','developer','2022-01-10',473,361);
INSERT actividad_pregunta values(496',1,'activo','developer','2022-01-10','developer','2022-01-10',484,362);
INSERT actividad_pregunta values(497',1,'activo','developer','2022-01-10','developer','2022-01-10',486,362);
INSERT actividad_pregunta values(498',1,'activo','developer','2022-01-10','developer','2022-01-10',621,376);
INSERT actividad_pregunta values(499',1,'activo','developer','2022-01-10','developer','2022-01-10',509,364);
INSERT actividad_pregunta values(500',1,'activo','developer','2022-01-10','developer','2022-01-10',218,335);
INSERT actividad_pregunta values(501',1,'activo','developer','2022-01-10','developer','2022-01-10',401,354);
INSERT actividad_pregunta values(502',1,'activo','developer','2022-01-10','developer','2022-01-10',586,372);
INSERT actividad_pregunta values(503',1,'activo','developer','2022-01-10','developer','2022-01-10',124,336);
INSERT actividad_pregunta values(504',1,'activo','developer','2022-01-10','developer','2022-01-10',79,321);
INSERT actividad_pregunta values(505',1,'activo','developer','2022-01-10','developer','2022-01-10',239,337);
INSERT actividad_pregunta values(506',1,'activo','developer','2022-01-10','developer','2022-01-10',249,338);
INSERT actividad_pregunta values(507',1,'activo','developer','2022-01-10','developer','2022-01-10',379,351);
INSERT actividad_pregunta values(508',1,'activo','developer','2022-01-10','developer','2022-01-10',409,354);
INSERT actividad_pregunta values(509',1,'activo','developer','2022-01-10','developer','2022-01-10',449,358);
INSERT actividad_pregunta values(510',1,'activo','developer','2022-01-10','developer','2022-01-10',466,360);
INSERT actividad_pregunta values(511',1,'activo','developer','2022-01-10','developer','2022-01-10',477,361);
INSERT actividad_pregunta values(512',1,'activo','developer','2022-01-10','developer','2022-01-10',479,361);
INSERT actividad_pregunta values(513',1,'activo','developer','2022-01-10','developer','2022-01-10',489,362);
INSERT actividad_pregunta values(514',1,'activo','developer','2022-01-10','developer','2022-01-10',529,366);
INSERT actividad_pregunta values(515',1,'activo','developer','2022-01-10','developer','2022-01-10',559,369);
INSERT actividad_pregunta values(516',1,'activo','developer','2022-01-10','developer','2022-01-10',576,371);
INSERT actividad_pregunta values(517',1,'activo','developer','2022-01-10','developer','2022-01-10',126,336);
INSERT actividad_pregunta values(518',1,'activo','developer','2022-01-10','developer','2022-01-10',154,329);
INSERT actividad_pregunta values(519',1,'activo','developer','2022-01-10','developer','2022-01-10',159,329);
INSERT actividad_pregunta values(520',1,'activo','developer','2022-01-10','developer','2022-01-10',245,338);
INSERT actividad_pregunta values(521',1,'activo','developer','2022-01-10','developer','2022-01-10',256,339);
INSERT actividad_pregunta values(522',1,'activo','developer','2022-01-10','developer','2022-01-10',262,340);
INSERT actividad_pregunta values(523',1,'activo','developer','2022-01-10','developer','2022-01-10',265,340);
INSERT actividad_pregunta values(524',1,'activo','developer','2022-01-10','developer','2022-01-10',269,340);
INSERT actividad_pregunta values(525',1,'activo','developer','2022-01-10','developer','2022-01-10',276,341);
INSERT actividad_pregunta values(526',1,'activo','developer','2022-01-10','developer','2022-01-10',318,345);
INSERT actividad_pregunta values(527',1,'activo','developer','2022-01-10','developer','2022-01-10',336,347);
INSERT actividad_pregunta values(528',1,'activo','developer','2022-01-10','developer','2022-01-10',349,348);
INSERT actividad_pregunta values(529',1,'activo','developer','2022-01-10','developer','2022-01-10',351,349);
INSERT actividad_pregunta values(530',1,'activo','developer','2022-01-10','developer','2022-01-10',369,350);
INSERT actividad_pregunta values(531',1,'activo','developer','2022-01-10','developer','2022-01-10',382,352);
INSERT actividad_pregunta values(532',1,'activo','developer','2022-01-10','developer','2022-01-10',422,356);
INSERT actividad_pregunta values(533',1,'activo','developer','2022-01-10','developer','2022-01-10',451,359);
INSERT actividad_pregunta values(534',1,'activo','developer','2022-01-10','developer','2022-01-10',503,364);
INSERT actividad_pregunta values(535',1,'activo','developer','2022-01-10','developer','2022-01-10',513,365);
INSERT actividad_pregunta values(536',1,'activo','developer','2022-01-10','developer','2022-01-10',524,366);
INSERT actividad_pregunta values(537',1,'activo','developer','2022-01-10','developer','2022-01-10',527,366);
INSERT actividad_pregunta values(538',1,'activo','developer','2022-01-10','developer','2022-01-10',528,366);
INSERT actividad_pregunta values(539',1,'activo','developer','2022-01-10','developer','2022-01-10',534,367);
INSERT actividad_pregunta values(540',1,'activo','developer','2022-01-10','developer','2022-01-10',558,369);
INSERT actividad_pregunta values(541',1,'activo','developer','2022-01-10','developer','2022-01-10',566,370);
INSERT actividad_pregunta values(542',1,'activo','developer','2022-01-10','developer','2022-01-10',169,330);
INSERT actividad_pregunta values(543',1,'activo','developer','2022-01-10','developer','2022-01-10',219,335);
INSERT actividad_pregunta values(544',1,'activo','developer','2022-01-10','developer','2022-01-10',115,325);
INSERT actividad_pregunta values(545',1,'activo','developer','2022-01-10','developer','2022-01-10',53,319);
INSERT actividad_pregunta values(546',1,'activo','developer','2022-01-10','developer','2022-01-10',59,319);
INSERT actividad_pregunta values(547',1,'activo','developer','2022-01-10','developer','2022-01-10',61,320);
INSERT actividad_pregunta values(548',1,'activo','developer','2022-01-10','developer','2022-01-10',69,320);
INSERT actividad_pregunta values(549',1,'activo','developer','2022-01-10','developer','2022-01-10',83,322);
INSERT actividad_pregunta values(550',1,'activo','developer','2022-01-10','developer','2022-01-10',85,322);
INSERT actividad_pregunta values(551',1,'activo','developer','2022-01-10','developer','2022-01-10',86,322);
INSERT actividad_pregunta values(552',1,'activo','developer','2022-01-10','developer','2022-01-10',89,322);
INSERT actividad_pregunta values(553',1,'activo','developer','2022-01-10','developer','2022-01-10',92,323);
INSERT actividad_pregunta values(554',1,'activo','developer','2022-01-10','developer','2022-01-10',99,323);
INSERT actividad_pregunta values(555',1,'activo','developer','2022-01-10','developer','2022-01-10',149,328);
INSERT actividad_pregunta values(556',1,'activo','developer','2022-01-10','developer','2022-01-10',157,329);
INSERT actividad_pregunta values(557',1,'activo','developer','2022-01-10','developer','2022-01-10',183,332);
INSERT actividad_pregunta values(558',1,'activo','developer','2022-01-10','developer','2022-01-10',196,333);
INSERT actividad_pregunta values(559',1,'activo','developer','2022-01-10','developer','2022-01-10',198,333);
INSERT actividad_pregunta values(560',1,'activo','developer','2022-01-10','developer','2022-01-10',199,333);
INSERT actividad_pregunta values(561',1,'activo','developer','2022-01-10','developer','2022-01-10',202,334);
INSERT actividad_pregunta values(562',1,'activo','developer','2022-01-10','developer','2022-01-10',228,337);
INSERT actividad_pregunta values(563',1,'activo','developer','2022-01-10','developer','2022-01-10',259,339);
INSERT actividad_pregunta values(564',1,'activo','developer','2022-01-10','developer','2022-01-10',279,341);
INSERT actividad_pregunta values(565',1,'activo','developer','2022-01-10','developer','2022-01-10',282,342);
INSERT actividad_pregunta values(566',1,'activo','developer','2022-01-10','developer','2022-01-10',289,342);
INSERT actividad_pregunta values(567',1,'activo','developer','2022-01-10','developer','2022-01-10',295,343);
INSERT actividad_pregunta values(568',1,'activo','developer','2022-01-10','developer','2022-01-10',302,344);
INSERT actividad_pregunta values(569',1,'activo','developer','2022-01-10','developer','2022-01-10',322,346);
INSERT actividad_pregunta values(570',1,'activo','developer','2022-01-10','developer','2022-01-10',333,347);
INSERT actividad_pregunta values(571',1,'activo','developer','2022-01-10','developer','2022-01-10',346,348);
INSERT actividad_pregunta values(572',1,'activo','developer','2022-01-10','developer','2022-01-10',354,349);
INSERT actividad_pregunta values(573',1,'activo','developer','2022-01-10','developer','2022-01-10',359,349);
INSERT actividad_pregunta values(574',1,'activo','developer','2022-01-10','developer','2022-01-10',376,351);
INSERT actividad_pregunta values(575',1,'activo','developer','2022-01-10','developer','2022-01-10',394,353);
INSERT actividad_pregunta values(576',1,'activo','developer','2022-01-10','developer','2022-01-10',398,353);
INSERT actividad_pregunta values(577',1,'activo','developer','2022-01-10','developer','2022-01-10',402,354);
INSERT actividad_pregunta values(578',1,'activo','developer','2022-01-10','developer','2022-01-10',405,354);
INSERT actividad_pregunta values(579',1,'activo','developer','2022-01-10','developer','2022-01-10',407,354);
INSERT actividad_pregunta values(580',1,'activo','developer','2022-01-10','developer','2022-01-10',599,355);
INSERT actividad_pregunta values(581',1,'activo','developer','2022-01-10','developer','2022-01-10',438,357);
INSERT actividad_pregunta values(582',1,'activo','developer','2022-01-10','developer','2022-01-10',443,358);
INSERT actividad_pregunta values(583',1,'activo','developer','2022-01-10','developer','2022-01-10',454,359);
INSERT actividad_pregunta values(584',1,'activo','developer','2022-01-10','developer','2022-01-10',469,360);
INSERT actividad_pregunta values(585',1,'activo','developer','2022-01-10','developer','2022-01-10',475,361);
INSERT actividad_pregunta values(586',1,'activo','developer','2022-01-10','developer','2022-01-10',485,362);
INSERT actividad_pregunta values(587',1,'activo','developer','2022-01-10','developer','2022-01-10',492,363);
INSERT actividad_pregunta values(588',1,'activo','developer','2022-01-10','developer','2022-01-10',493,363);
INSERT actividad_pregunta values(589',1,'activo','developer','2022-01-10','developer','2022-01-10',501,364);
INSERT actividad_pregunta values(590',1,'activo','developer','2022-01-10','developer','2022-01-10',519,365);
INSERT actividad_pregunta values(591',1,'activo','developer','2022-01-10','developer','2022-01-10',525,366);
INSERT actividad_pregunta values(592',1,'activo','developer','2022-01-10','developer','2022-01-10',539,367);
INSERT actividad_pregunta values(593',1,'activo','developer','2022-01-10','developer','2022-01-10',544,368);
INSERT actividad_pregunta values(594',1,'activo','developer','2022-01-10','developer','2022-01-10',545,368);
INSERT actividad_pregunta values(595',1,'activo','developer','2022-01-10','developer','2022-01-10',548,368);
INSERT actividad_pregunta values(596',1,'activo','developer','2022-01-10','developer','2022-01-10',569,370);
INSERT actividad_pregunta values(597',1,'activo','developer','2022-01-10','developer','2022-01-10',579,371);
INSERT actividad_pregunta values(598',1,'activo','developer','2022-01-10','developer','2022-01-10',589,372);
INSERT actividad_pregunta values(599',1,'activo','developer','2022-01-10','developer','2022-01-10',603,374);
INSERT actividad_pregunta values(600',1,'activo','developer','2022-01-10','developer','2022-01-10',609,374);
INSERT actividad_pregunta values(601',1,'activo','developer','2022-01-10','developer','2022-01-10',627,376);
INSERT actividad_pregunta values(602',1,'activo','developer','2022-01-10','developer','2022-01-10',129,336);
INSERT actividad_pregunta values(603',1,'activo','developer','2022-01-10','developer','2022-01-10',108,324);
INSERT actividad_pregunta values(604',1,'activo','developer','2022-01-10','developer','2022-01-10',301,344);
INSERT actividad_pregunta values(605',1,'activo','developer','2022-01-10','developer','2022-01-10',309,344);
INSERT actividad_pregunta values(606',1,'activo','developer','2022-01-10','developer','2022-01-10',334,347);
INSERT actividad_pregunta values(607',1,'activo','developer','2022-01-10','developer','2022-01-10',344,348);
INSERT actividad_pregunta values(608',1,'activo','developer','2022-01-10','developer','2022-01-10',399,353);
INSERT actividad_pregunta values(609',1,'activo','developer','2022-01-10','developer','2022-01-10',429,356);
INSERT actividad_pregunta values(610',1,'activo','developer','2022-01-10','developer','2022-01-10',565,370);
INSERT actividad_pregunta values(611',1,'activo','developer','2022-01-10','developer','2022-01-10',162,330);
INSERT actividad_pregunta values(612',1,'activo','developer','2022-01-10','developer','2022-01-10',116,325);
INSERT actividad_pregunta values(613',1,'activo','developer','2022-01-10','developer','2022-01-10',93,323);
INSERT actividad_pregunta values(614',1,'activo','developer','2022-01-10','developer','2022-01-10',133,327);
INSERT actividad_pregunta values(615',1,'activo','developer','2022-01-10','developer','2022-01-10',195,333);
INSERT actividad_pregunta values(616',1,'activo','developer','2022-01-10','developer','2022-01-10',203,334);
INSERT actividad_pregunta values(617',1,'activo','developer','2022-01-10','developer','2022-01-10',373,351);
INSERT actividad_pregunta values(618',1,'activo','developer','2022-01-10','developer','2022-01-10',471,361);
INSERT actividad_pregunta values(619',1,'activo','developer','2022-01-10','developer','2022-01-10',494,363);
INSERT actividad_pregunta values(620',1,'activo','developer','2022-01-10','developer','2022-01-10',499,363);
INSERT actividad_pregunta values(621',1,'activo','developer','2022-01-10','developer','2022-01-10',604,374);
INSERT actividad_pregunta values(622',1,'activo','developer','2022-01-10','developer','2022-01-10',605,374);
