$$,id_actividad_pregunta,bateria,reg_status,created_by,created_date,last_update_by,last_update_date,Id_pregunta,id_actividad,&&,,,,,,,,
$$,41,1,activo,developer,2022-01-10,developer,2022-01-10,41,318,&&,,,,,,,,
$$,42,1,activo,developer,2022-01-11,developer,2022-01-11,42,318,&&,,,,,,,,
$$,43,1,activo,developer,2022-01-12,developer,2022-01-12,43,318,&&,,,,,,,,
$$,44,1,activo,developer,2022-01-13,developer,2022-01-13,44,318,&&,,,,,,,,
$$,45,1,activo,developer,2022-01-14,developer,2022-01-14,45,318,&&,,,,,,,,
$$,46,1,activo,developer,2022-01-15,developer,2022-01-15,46,318,&&,,,,,,,,
$$,47,1,activo,developer,2022-01-16,developer,2022-01-16,47,318,&&,,,,,,,,
$$,48,1,activo,developer,2022-01-17,developer,2022-01-17,48,318,&&,,,,,,,,
$$,49,1,activo,developer,2022-01-18,developer,2022-01-18,49,318,&&,,,,,,,,
$$,50,1,activo,developer,2021-11-19,developer,2021-11-19,50,318,&&,,,,,,,,
$$,51,1,activo,developer,2022-01-19,developer,2022-01-19,51,319,&&,,,,,,,,
$$,52,1,activo,developer,2022-01-20,developer,2022-01-20,52,319,&&,,,,,,,,
$$,53,1,activo,developer,2022-01-21,developer,2022-01-21,54,319,&&,,,,,,,,
$$,54,1,activo,developer,2022-01-22,developer,2022-01-22,55,319,&&,,,,,,,,
$$,55,1,activo,developer,2022-01-23,developer,2022-01-23,56,319,&&,,,,,,,,
$$,56,1,activo,developer,2022-01-24,developer,2022-01-24,57,319,&&,,,,,,,,
$$,57,1,activo,developer,2022-01-25,developer,2022-01-25,58,319,&&,,,,,,,,
$$,58,1,activo,developer,2021-11-20,developer,2021-11-20,60,319,&&,,,,,,,,
$$,59,1,activo,developer,2022-01-26,developer,2022-01-26,63,320,&&,,,,,,,,
$$,60,1,activo,developer,2022-01-27,developer,2022-01-27,64,320,&&,,,,,,,,
$$,61,1,activo,developer,2022-01-28,developer,2022-01-28,65,320,&&,,,,,,,,
$$,62,1,activo,developer,2022-01-29,developer,2022-01-29,66,320,&&,,,,,,,,
$$,63,1,activo,developer,2022-01-30,developer,2022-01-30,68,320,&&,,,,,,,,
$$,64,1,activo,developer,2021-11-21,developer,2021-11-21,70,320,&&,,,,,,,,
$$,65,1,activo,developer,2022-01-31,developer,2022-01-31,71,321,&&,,,,,,,,
$$,66,1,activo,developer,2022-02-01,developer,2022-02-01,72,321,&&,,,,,,,,
$$,67,1,activo,developer,2022-02-02,developer,2022-02-02,73,321,&&,,,,,,,,
$$,68,1,activo,developer,2022-02-03,developer,2022-02-03,74,321,&&,,,,,,,,
$$,69,1,activo,developer,2022-02-04,developer,2022-02-04,75,321,&&,,,,,,,,
$$,70,1,activo,developer,2022-02-05,developer,2022-02-05,77,321,&&,,,,,,,,
$$,71,1,activo,developer,2022-02-06,developer,2022-02-06,78,321,&&,,,,,,,,
$$,72,1,activo,developer,2021-11-22,developer,2021-11-22,80,321,&&,,,,,,,,
$$,73,1,activo,developer,2022-02-07,developer,2022-02-07,81,322,&&,,,,,,,,
$$,74,1,activo,developer,2022-02-08,developer,2022-02-08,82,322,&&,,,,,,,,
$$,75,1,activo,developer,2022-02-09,developer,2022-02-09,84,322,&&,,,,,,,,
$$,76,1,activo,developer,2022-02-10,developer,2022-02-10,87,322,&&,,,,,,,,
$$,77,1,activo,developer,2022-02-11,developer,2022-02-11,88,322,&&,,,,,,,,
$$,78,1,activo,developer,2021-11-23,developer,2021-11-23,90,322,&&,,,,,,,,
$$,79,1,activo,developer,2022-02-12,developer,2022-02-12,91,323,&&,,,,,,,,
$$,80,1,activo,developer,2022-02-13,developer,2022-02-13,94,323,&&,,,,,,,,
$$,81,1,activo,developer,2022-02-14,developer,2022-02-14,95,323,&&,,,,,,,,
$$,82,1,activo,developer,2022-02-15,developer,2022-02-15,96,323,&&,,,,,,,,
$$,83,1,activo,developer,2022-02-16,developer,2022-02-16,97,323,&&,,,,,,,,
$$,84,1,activo,developer,2022-02-17,developer,2022-02-17,98,323,&&,,,,,,,,
$$,85,1,activo,developer,2021-11-24,developer,2021-11-24,100,323,&&,,,,,,,,
$$,86,1,activo,developer,2022-02-18,developer,2022-02-18,101,324,&&,,,,,,,,
$$,87,1,activo,developer,2022-02-19,developer,2022-02-19,102,324,&&,,,,,,,,
$$,88,1,activo,developer,2022-02-20,developer,2022-02-20,103,324,&&,,,,,,,,
$$,89,1,activo,developer,2022-02-21,developer,2022-02-21,104,324,&&,,,,,,,,
$$,90,1,activo,developer,2022-02-22,developer,2022-02-22,105,324,&&,,,,,,,,
$$,91,1,activo,developer,2022-02-23,developer,2022-02-23,106,324,&&,,,,,,,,
$$,92,1,activo,developer,2022-02-24,developer,2022-02-24,107,324,&&,,,,,,,,
$$,93,1,activo,developer,2022-02-25,developer,2022-02-25,109,324,&&,,,,,,,,
$$,94,1,activo,developer,2021-11-25,developer,2021-11-25,110,324,&&,,,,,,,,
$$,95,1,activo,developer,2022-02-26,developer,2022-02-26,111,325,&&,,,,,,,,
$$,96,1,activo,developer,2022-02-27,developer,2022-02-27,112,325,&&,,,,,,,,
$$,97,1,activo,developer,2022-02-28,developer,2022-02-28,113,325,&&,,,,,,,,
$$,98,1,activo,developer,2022-03-01,developer,2022-03-01,114,325,&&,,,,,,,,
$$,99,1,activo,developer,2022-03-02,developer,2022-03-02,117,325,&&,,,,,,,,
$$,100,1,activo,developer,2022-03-03,developer,2022-03-03,119,325,&&,,,,,,,,
$$,101,1,activo,developer,2021-11-26,developer,2021-11-26,120,325,&&,,,,,,,,
$$,102,1,activo,developer,2022-03-04,developer,2022-03-04,121,336,&&,,,,,,,,
$$,103,1,activo,developer,2022-03-05,developer,2022-03-05,122,336,&&,,,,,,,,
$$,104,1,activo,developer,2022-03-06,developer,2022-03-06,123,336,&&,,,,,,,,
$$,105,1,activo,developer,2022-03-07,developer,2022-03-07,125,336,&&,,,,,,,,
$$,106,1,activo,developer,2022-03-08,developer,2022-03-08,127,336,&&,,,,,,,,
$$,107,1,activo,developer,2022-03-09,developer,2022-03-09,128,336,&&,,,,,,,,
$$,108,1,activo,developer,2021-11-27,developer,2021-11-27,130,336,&&,,,,,,,,
$$,109,1,activo,developer,2022-03-10,developer,2022-03-10,131,327,&&,,,,,,,,
$$,110,1,activo,developer,2022-03-11,developer,2022-03-11,132,327,&&,,,,,,,,
$$,111,1,activo,developer,2022-03-12,developer,2022-03-12,134,327,&&,,,,,,,,
$$,112,1,activo,developer,2022-03-13,developer,2022-03-13,135,327,&&,,,,,,,,
$$,113,1,activo,developer,2022-03-14,developer,2022-03-14,136,327,&&,,,,,,,,
$$,114,1,activo,developer,2022-03-15,developer,2022-03-15,137,327,&&,,,,,,,,
$$,115,1,activo,developer,2022-03-16,developer,2022-03-16,138,327,&&,,,,,,,,
$$,116,1,activo,developer,2022-03-17,developer,2022-03-17,139,327,&&,,,,,,,,
$$,117,1,activo,developer,2021-11-28,developer,2021-11-28,140,327,&&,,,,,,,,
$$,118,1,activo,developer,2022-03-18,developer,2022-03-18,144,328,&&,,,,,,,,
$$,119,1,activo,developer,2022-03-19,developer,2022-03-19,145,328,&&,,,,,,,,
$$,120,1,activo,developer,2022-03-20,developer,2022-03-20,146,328,&&,,,,,,,,
$$,121,1,activo,developer,2022-03-21,developer,2022-03-21,147,328,&&,,,,,,,,
$$,122,1,activo,developer,2022-03-22,developer,2022-03-22,148,328,&&,,,,,,,,
$$,123,1,activo,developer,2021-11-29,developer,2021-11-29,150,328,&&,,,,,,,,
$$,124,1,activo,developer,2022-03-23,developer,2022-03-23,151,329,&&,,,,,,,,
$$,125,1,activo,developer,2022-03-24,developer,2022-03-24,152,329,&&,,,,,,,,
$$,126,1,activo,developer,2022-03-25,developer,2022-03-25,153,329,&&,,,,,,,,
$$,127,1,activo,developer,2022-03-26,developer,2022-03-26,155,329,&&,,,,,,,,
$$,128,1,activo,developer,2022-03-27,developer,2022-03-27,156,329,&&,,,,,,,,
$$,129,1,activo,developer,2022-03-28,developer,2022-03-28,158,329,&&,,,,,,,,
$$,130,1,activo,developer,2021-11-30,developer,2021-11-30,160,329,&&,,,,,,,,
$$,131,1,activo,developer,2022-03-29,developer,2022-03-29,163,330,&&,,,,,,,,
$$,132,1,activo,developer,2022-03-30,developer,2022-03-30,164,330,&&,,,,,,,,
$$,133,1,activo,developer,2022-03-31,developer,2022-03-31,165,330,&&,,,,,,,,
$$,134,1,activo,developer,2022-04-01,developer,2022-04-01,166,330,&&,,,,,,,,
$$,135,1,activo,developer,2022-04-02,developer,2022-04-02,167,330,&&,,,,,,,,
$$,136,1,activo,developer,2022-04-03,developer,2022-04-03,168,330,&&,,,,,,,,
$$,137,1,activo,developer,2021-12-01,developer,2021-12-01,170,330,&&,,,,,,,,
$$,138,1,activo,developer,2022-04-04,developer,2022-04-04,171,331,&&,,,,,,,,
$$,139,1,activo,developer,2022-04-05,developer,2022-04-05,172,331,&&,,,,,,,,
$$,140,1,activo,developer,2022-04-06,developer,2022-04-06,173,331,&&,,,,,,,,
$$,141,1,activo,developer,2022-04-07,developer,2022-04-07,174,331,&&,,,,,,,,
$$,142,1,activo,developer,2022-04-08,developer,2022-04-08,175,331,&&,,,,,,,,
$$,143,1,activo,developer,2022-04-09,developer,2022-04-09,176,331,&&,,,,,,,,
$$,144,1,activo,developer,2022-04-10,developer,2022-04-10,177,331,&&,,,,,,,,
$$,145,1,activo,developer,2022-04-11,developer,2022-04-11,178,331,&&,,,,,,,,
$$,146,1,activo,developer,2022-04-12,developer,2022-04-12,179,331,&&,,,,,,,,
$$,147,1,activo,developer,2021-12-02,developer,2021-12-02,180,331,&&,,,,,,,,
$$,148,1,activo,developer,2022-04-13,developer,2022-04-13,181,332,&&,,,,,,,,
$$,149,1,activo,developer,2022-04-14,developer,2022-04-14,182,332,&&,,,,,,,,
$$,150,1,activo,developer,2022-04-15,developer,2022-04-15,184,332,&&,,,,,,,,
$$,151,1,activo,developer,2022-04-16,developer,2022-04-16,185,332,&&,,,,,,,,
$$,152,1,activo,developer,2022-04-17,developer,2022-04-17,186,332,&&,,,,,,,,
$$,153,1,activo,developer,2022-04-18,developer,2022-04-18,187,332,&&,,,,,,,,
$$,154,1,activo,developer,2022-04-19,developer,2022-04-19,188,332,&&,,,,,,,,
$$,155,1,activo,developer,2021-12-03,developer,2021-12-03,190,332,&&,,,,,,,,
$$,156,1,activo,developer,2022-04-20,developer,2022-04-20,191,333,&&,,,,,,,,
$$,157,1,activo,developer,2022-04-21,developer,2022-04-21,192,333,&&,,,,,,,,
$$,158,1,activo,developer,2022-04-22,developer,2022-04-22,194,333,&&,,,,,,,,
$$,159,1,activo,developer,2021-12-04,developer,2021-12-04,200,333,&&,,,,,,,,
$$,160,1,activo,developer,2022-04-23,developer,2022-04-23,201,334,&&,,,,,,,,
$$,161,1,activo,developer,2022-04-24,developer,2022-04-24,204,334,&&,,,,,,,,
$$,162,1,activo,developer,2022-04-25,developer,2022-04-25,205,334,&&,,,,,,,,
$$,163,1,activo,developer,2022-04-26,developer,2022-04-26,206,334,&&,,,,,,,,
$$,164,1,activo,developer,2022-04-27,developer,2022-04-27,207,334,&&,,,,,,,,
$$,165,1,activo,developer,2022-04-28,developer,2022-04-28,208,334,&&,,,,,,,,
$$,166,1,activo,developer,2021-12-05,developer,2021-12-05,210,334,&&,,,,,,,,
$$,167,1,activo,developer,2022-04-29,developer,2022-04-29,211,335,&&,,,,,,,,
$$,168,1,activo,developer,2022-04-30,developer,2022-04-30,214,335,&&,,,,,,,,
$$,169,1,activo,developer,2022-05-01,developer,2022-05-01,215,335,&&,,,,,,,,
$$,170,1,activo,developer,2022-05-02,developer,2022-05-02,217,335,&&,,,,,,,,
$$,171,1,activo,developer,2021-12-06,developer,2021-12-06,220,335,&&,,,,,,,,
$$,172,1,activo,developer,2022-05-03,developer,2022-05-03,221,337,&&,,,,,,,,
$$,173,1,activo,developer,2022-05-04,developer,2022-05-04,222,337,&&,,,,,,,,
$$,174,1,activo,developer,2022-05-05,developer,2022-05-05,223,337,&&,,,,,,,,
$$,175,1,activo,developer,2022-05-06,developer,2022-05-06,224,337,&&,,,,,,,,
$$,176,1,activo,developer,2022-05-07,developer,2022-05-07,225,337,&&,,,,,,,,
$$,177,1,activo,developer,2022-05-08,developer,2022-05-08,226,337,&&,,,,,,,,
$$,178,1,activo,developer,2022-05-09,developer,2022-05-09,227,337,&&,,,,,,,,
$$,179,1,activo,developer,2022-05-10,developer,2022-05-10,229,337,&&,,,,,,,,
$$,180,1,activo,developer,2021-12-07,developer,2021-12-07,230,337,&&,,,,,,,,
$$,181,1,activo,developer,2022-05-11,developer,2022-05-11,231,337,&&,,,,,,,,
$$,182,1,activo,developer,2022-05-12,developer,2022-05-12,232,337,&&,,,,,,,,
$$,183,1,activo,developer,2022-05-13,developer,2022-05-13,233,337,&&,,,,,,,,
$$,184,1,activo,developer,2022-05-14,developer,2022-05-14,234,337,&&,,,,,,,,
$$,185,1,activo,developer,2022-05-15,developer,2022-05-15,235,337,&&,,,,,,,,
$$,186,1,activo,developer,2022-05-16,developer,2022-05-16,236,337,&&,,,,,,,,
$$,187,1,activo,developer,2022-05-17,developer,2022-05-17,237,337,&&,,,,,,,,
$$,188,1,activo,developer,2022-05-18,developer,2022-05-18,238,337,&&,,,,,,,,
$$,189,1,activo,developer,2021-12-08,developer,2021-12-08,240,337,&&,,,,,,,,
$$,190,1,activo,developer,2022-05-19,developer,2022-05-19,241,338,&&,,,,,,,,
$$,191,1,activo,developer,2022-05-20,developer,2022-05-20,243,338,&&,,,,,,,,
$$,192,1,activo,developer,2022-05-21,developer,2022-05-21,244,338,&&,,,,,,,,
$$,193,1,activo,developer,2022-05-22,developer,2022-05-22,246,338,&&,,,,,,,,
$$,194,1,activo,developer,2022-05-23,developer,2022-05-23,247,338,&&,,,,,,,,
$$,195,1,activo,developer,2022-05-24,developer,2022-05-24,248,338,&&,,,,,,,,
$$,196,1,activo,developer,2021-12-09,developer,2021-12-09,250,338,&&,,,,,,,,
$$,197,1,activo,developer,2022-05-25,developer,2022-05-25,251,339,&&,,,,,,,,
$$,198,1,activo,developer,2022-05-26,developer,2022-05-26,252,339,&&,,,,,,,,
$$,199,1,activo,developer,2022-05-27,developer,2022-05-27,253,339,&&,,,,,,,,
$$,200,1,activo,developer,2022-05-28,developer,2022-05-28,254,339,&&,,,,,,,,
$$,201,1,activo,developer,2022-05-29,developer,2022-05-29,255,339,&&,,,,,,,,
$$,202,1,activo,developer,2022-05-30,developer,2022-05-30,257,339,&&,,,,,,,,
$$,203,1,activo,developer,2022-05-31,developer,2022-05-31,258,339,&&,,,,,,,,
$$,204,1,activo,developer,2021-12-10,developer,2021-12-10,260,339,&&,,,,,,,,
$$,205,1,activo,developer,2022-06-01,developer,2022-06-01,261,340,&&,,,,,,,,
$$,206,1,activo,developer,2022-06-02,developer,2022-06-02,263,340,&&,,,,,,,,
$$,207,1,activo,developer,2022-06-03,developer,2022-06-03,264,340,&&,,,,,,,,
$$,208,1,activo,developer,2022-06-04,developer,2022-06-04,266,340,&&,,,,,,,,
$$,209,1,activo,developer,2022-06-05,developer,2022-06-05,267,340,&&,,,,,,,,
$$,210,1,activo,developer,2022-06-06,developer,2022-06-06,268,340,&&,,,,,,,,
$$,211,1,activo,developer,2021-12-11,developer,2021-12-11,270,340,&&,,,,,,,,
$$,212,1,activo,developer,2022-06-07,developer,2022-06-07,271,341,&&,,,,,,,,
$$,213,1,activo,developer,2022-06-08,developer,2022-06-08,272,341,&&,,,,,,,,
$$,214,1,activo,developer,2022-06-09,developer,2022-06-09,273,341,&&,,,,,,,,
$$,215,1,activo,developer,2022-06-10,developer,2022-06-10,274,341,&&,,,,,,,,
$$,216,1,activo,developer,2022-06-11,developer,2022-06-11,275,341,&&,,,,,,,,
$$,217,1,activo,developer,2022-06-12,developer,2022-06-12,277,341,&&,,,,,,,,
$$,218,1,activo,developer,2022-06-13,developer,2022-06-13,278,341,&&,,,,,,,,
$$,219,1,activo,developer,2021-12-12,developer,2021-12-12,280,341,&&,,,,,,,,
$$,220,1,activo,developer,2022-06-14,developer,2022-06-14,281,342,&&,,,,,,,,
$$,221,1,activo,developer,2022-06-15,developer,2022-06-15,283,342,&&,,,,,,,,
$$,222,1,activo,developer,2022-06-16,developer,2022-06-16,284,342,&&,,,,,,,,
$$,223,1,activo,developer,2022-06-17,developer,2022-06-17,285,342,&&,,,,,,,,
$$,224,1,activo,developer,2022-06-18,developer,2022-06-18,286,342,&&,,,,,,,,
$$,225,1,activo,developer,2022-06-19,developer,2022-06-19,287,342,&&,,,,,,,,
$$,226,1,activo,developer,2022-06-20,developer,2022-06-20,288,342,&&,,,,,,,,
$$,227,1,activo,developer,2021-12-13,developer,2021-12-13,290,342,&&,,,,,,,,
$$,228,1,activo,developer,2022-06-21,developer,2022-06-21,291,343,&&,,,,,,,,
$$,229,1,activo,developer,2022-06-22,developer,2022-06-22,292,343,&&,,,,,,,,
$$,230,1,activo,developer,2022-06-23,developer,2022-06-23,293,343,&&,,,,,,,,
$$,231,1,activo,developer,2022-06-24,developer,2022-06-24,294,343,&&,,,,,,,,
$$,232,1,activo,developer,2022-06-25,developer,2022-06-25,296,343,&&,,,,,,,,
$$,233,1,activo,developer,2022-06-26,developer,2022-06-26,297,343,&&,,,,,,,,
$$,234,1,activo,developer,2022-06-27,developer,2022-06-27,298,343,&&,,,,,,,,
$$,235,1,activo,developer,2022-06-28,developer,2022-06-28,299,343,&&,,,,,,,,
$$,236,1,activo,developer,2021-12-14,developer,2021-12-14,300,343,&&,,,,,,,,
$$,237,1,activo,developer,2022-06-29,developer,2022-06-29,303,344,&&,,,,,,,,
$$,238,1,activo,developer,2022-06-30,developer,2022-06-30,304,344,&&,,,,,,,,
$$,239,1,activo,developer,2022-07-01,developer,2022-07-01,305,344,&&,,,,,,,,
$$,240,1,activo,developer,2022-07-02,developer,2022-07-02,306,344,&&,,,,,,,,
$$,241,1,activo,developer,2022-07-03,developer,2022-07-03,307,344,&&,,,,,,,,
$$,242,1,activo,developer,2022-07-04,developer,2022-07-04,308,344,&&,,,,,,,,
$$,243,1,activo,developer,2021-12-15,developer,2021-12-15,310,344,&&,,,,,,,,
$$,244,1,activo,developer,2022-07-05,developer,2022-07-05,311,345,&&,,,,,,,,
$$,245,1,activo,developer,2022-07-06,developer,2022-07-06,312,345,&&,,,,,,,,
$$,246,1,activo,developer,2022-07-07,developer,2022-07-07,313,345,&&,,,,,,,,
$$,247,1,activo,developer,2022-07-08,developer,2022-07-08,314,345,&&,,,,,,,,
$$,248,1,activo,developer,2022-07-09,developer,2022-07-09,315,345,&&,,,,,,,,
$$,249,1,activo,developer,2022-07-10,developer,2022-07-10,316,345,&&,,,,,,,,
$$,250,1,activo,developer,2022-07-11,developer,2022-07-11,317,345,&&,,,,,,,,
$$,251,1,activo,developer,2022-07-12,developer,2022-07-12,319,345,&&,,,,,,,,
$$,252,1,activo,developer,2021-12-16,developer,2021-12-16,320,345,&&,,,,,,,,
$$,253,1,activo,developer,2022-07-13,developer,2022-07-13,321,346,&&,,,,,,,,
$$,254,1,activo,developer,2022-07-14,developer,2022-07-14,323,346,&&,,,,,,,,
$$,255,1,activo,developer,2022-07-15,developer,2022-07-15,324,346,&&,,,,,,,,
$$,256,1,activo,developer,2022-07-16,developer,2022-07-16,325,346,&&,,,,,,,,
$$,257,1,activo,developer,2022-07-17,developer,2022-07-17,326,346,&&,,,,,,,,
$$,258,1,activo,developer,2022-07-18,developer,2022-07-18,327,346,&&,,,,,,,,
$$,259,1,activo,developer,2022-07-19,developer,2022-07-19,328,346,&&,,,,,,,,
$$,260,1,activo,developer,2022-07-20,developer,2022-07-20,329,346,&&,,,,,,,,
$$,261,1,activo,developer,2021-12-17,developer,2021-12-17,330,346,&&,,,,,,,,
$$,262,1,activo,developer,2022-07-21,developer,2022-07-21,331,347,&&,,,,,,,,
$$,263,1,activo,developer,2022-07-22,developer,2022-07-22,332,347,&&,,,,,,,,
$$,264,1,activo,developer,2022-07-23,developer,2022-07-23,335,347,&&,,,,,,,,
$$,265,1,activo,developer,2022-07-24,developer,2022-07-24,337,347,&&,,,,,,,,
$$,266,1,activo,developer,2022-07-25,developer,2022-07-25,338,347,&&,,,,,,,,
$$,267,1,activo,developer,2022-07-26,developer,2022-07-26,339,347,&&,,,,,,,,
$$,268,1,activo,developer,2021-12-18,developer,2021-12-18,340,347,&&,,,,,,,,
$$,269,1,activo,developer,2022-07-27,developer,2022-07-27,341,348,&&,,,,,,,,
$$,270,1,activo,developer,2022-07-28,developer,2022-07-28,342,348,&&,,,,,,,,
$$,271,1,activo,developer,2022-07-29,developer,2022-07-29,343,348,&&,,,,,,,,
$$,272,1,activo,developer,2022-07-30,developer,2022-07-30,345,348,&&,,,,,,,,
$$,273,1,activo,developer,2022-07-31,developer,2022-07-31,347,348,&&,,,,,,,,
$$,274,1,activo,developer,2022-08-01,developer,2022-08-01,348,348,&&,,,,,,,,
$$,275,1,activo,developer,2021-12-19,developer,2021-12-19,350,348,&&,,,,,,,,
$$,276,1,activo,developer,2022-08-02,developer,2022-08-02,352,349,&&,,,,,,,,
$$,277,1,activo,developer,2022-08-03,developer,2022-08-03,353,349,&&,,,,,,,,
$$,278,1,activo,developer,2022-08-04,developer,2022-08-04,355,349,&&,,,,,,,,
$$,279,1,activo,developer,2022-08-05,developer,2022-08-05,356,349,&&,,,,,,,,
$$,280,1,activo,developer,2022-08-06,developer,2022-08-06,357,349,&&,,,,,,,,
$$,281,1,activo,developer,2022-08-07,developer,2022-08-07,358,349,&&,,,,,,,,
$$,282,1,activo,developer,2021-12-20,developer,2021-12-20,360,349,&&,,,,,,,,
$$,283,1,activo,developer,2022-08-08,developer,2022-08-08,361,350,&&,,,,,,,,
$$,284,1,activo,developer,2022-08-09,developer,2022-08-09,362,350,&&,,,,,,,,
$$,285,1,activo,developer,2022-08-10,developer,2022-08-10,363,350,&&,,,,,,,,
$$,286,1,activo,developer,2022-08-11,developer,2022-08-11,364,350,&&,,,,,,,,
$$,287,1,activo,developer,2022-08-12,developer,2022-08-12,365,350,&&,,,,,,,,
$$,288,1,activo,developer,2022-08-13,developer,2022-08-13,366,350,&&,,,,,,,,
$$,289,1,activo,developer,2022-08-14,developer,2022-08-14,367,350,&&,,,,,,,,
$$,290,1,activo,developer,2022-08-15,developer,2022-08-15,368,350,&&,,,,,,,,
$$,291,1,activo,developer,2021-12-21,developer,2021-12-21,370,350,&&,,,,,,,,
$$,292,1,activo,developer,2022-08-16,developer,2022-08-16,371,351,&&,,,,,,,,
$$,293,1,activo,developer,2022-08-17,developer,2022-08-17,372,351,&&,,,,,,,,
$$,294,1,activo,developer,2022-08-18,developer,2022-08-18,374,351,&&,,,,,,,,
$$,295,1,activo,developer,2022-08-19,developer,2022-08-19,375,351,&&,,,,,,,,
$$,296,1,activo,developer,2022-08-20,developer,2022-08-20,377,351,&&,,,,,,,,
$$,297,1,activo,developer,2022-08-21,developer,2022-08-21,378,351,&&,,,,,,,,
$$,298,1,activo,developer,2021-12-22,developer,2021-12-22,380,351,&&,,,,,,,,
$$,299,1,activo,developer,2022-08-22,developer,2022-08-22,381,352,&&,,,,,,,,
$$,300,1,activo,developer,2022-08-23,developer,2022-08-23,383,352,&&,,,,,,,,
$$,301,1,activo,developer,2022-08-24,developer,2022-08-24,384,352,&&,,,,,,,,
$$,302,1,activo,developer,2022-08-25,developer,2022-08-25,385,352,&&,,,,,,,,
$$,303,1,activo,developer,2022-08-26,developer,2022-08-26,386,352,&&,,,,,,,,
$$,304,1,activo,developer,2022-08-27,developer,2022-08-27,387,352,&&,,,,,,,,
$$,305,1,activo,developer,2022-08-28,developer,2022-08-28,388,352,&&,,,,,,,,
$$,306,1,activo,developer,2022-08-29,developer,2022-08-29,389,352,&&,,,,,,,,
$$,307,1,activo,developer,2021-12-23,developer,2021-12-23,390,352,&&,,,,,,,,
$$,308,1,activo,developer,2022-08-30,developer,2022-08-30,392,353,&&,,,,,,,,
$$,309,1,activo,developer,2022-08-31,developer,2022-08-31,395,353,&&,,,,,,,,
$$,310,1,activo,developer,2022-09-01,developer,2022-09-01,396,353,&&,,,,,,,,
$$,311,1,activo,developer,2022-09-02,developer,2022-09-02,397,353,&&,,,,,,,,
$$,312,1,activo,developer,2021-12-24,developer,2021-12-24,400,353,&&,,,,,,,,
$$,313,1,activo,developer,2022-09-03,developer,2022-09-03,403,354,&&,,,,,,,,
$$,314,1,activo,developer,2022-09-04,developer,2022-09-04,404,354,&&,,,,,,,,
$$,315,1,activo,developer,2022-09-05,developer,2022-09-05,406,354,&&,,,,,,,,
$$,316,1,activo,developer,2022-09-06,developer,2022-09-06,408,354,&&,,,,,,,,
$$,317,1,activo,developer,2021-12-25,developer,2021-12-25,410,354,&&,,,,,,,,
$$,318,1,activo,developer,2022-09-07,developer,2022-09-07,411,355,&&,,,,,,,,
$$,319,1,activo,developer,2022-09-08,developer,2022-09-08,412,355,&&,,,,,,,,
$$,320,1,activo,developer,2022-09-09,developer,2022-09-09,413,355,&&,,,,,,,,
$$,321,1,activo,developer,2022-09-10,developer,2022-09-10,414,355,&&,,,,,,,,
$$,322,1,activo,developer,2022-09-11,developer,2022-09-11,415,355,&&,,,,,,,,
$$,323,1,activo,developer,2022-09-12,developer,2022-09-12,416,355,&&,,,,,,,,
$$,324,1,activo,developer,2022-09-13,developer,2022-09-13,417,355,&&,,,,,,,,
$$,325,1,activo,developer,2022-09-14,developer,2022-09-14,418,355,&&,,,,,,,,
$$,326,1,activo,developer,2022-09-15,developer,2022-09-15,419,355,&&,,,,,,,,
$$,327,1,activo,developer,2022-09-16,developer,2022-09-16,420,355,&&,,,,,,,,
$$,328,1,activo,developer,2022-09-17,developer,2022-09-17,421,356,&&,,,,,,,,
$$,329,1,activo,developer,2022-09-18,developer,2022-09-18,424,356,&&,,,,,,,,
$$,330,1,activo,developer,2022-09-19,developer,2022-09-19,425,356,&&,,,,,,,,
$$,331,1,activo,developer,2022-09-20,developer,2022-09-20,426,356,&&,,,,,,,,
$$,332,1,activo,developer,2022-09-21,developer,2022-09-21,427,356,&&,,,,,,,,
$$,333,1,activo,developer,2022-09-22,developer,2022-09-22,428,356,&&,,,,,,,,
$$,334,1,activo,developer,2022-09-23,developer,2022-09-23,430,356,&&,,,,,,,,
$$,335,1,activo,developer,2022-09-24,developer,2022-09-24,431,357,&&,,,,,,,,
$$,336,1,activo,developer,2022-09-25,developer,2022-09-25,432,357,&&,,,,,,,,
$$,337,1,activo,developer,2022-09-26,developer,2022-09-26,433,357,&&,,,,,,,,
$$,338,1,activo,developer,2022-09-27,developer,2022-09-27,434,357,&&,,,,,,,,
$$,339,1,activo,developer,2022-09-28,developer,2022-09-28,435,357,&&,,,,,,,,
$$,340,1,activo,developer,2022-09-29,developer,2022-09-29,436,357,&&,,,,,,,,
$$,341,1,activo,developer,2022-09-30,developer,2022-09-30,437,357,&&,,,,,,,,
$$,342,1,activo,developer,2022-10-01,developer,2022-10-01,439,357,&&,,,,,,,,
$$,343,1,activo,developer,2022-10-02,developer,2022-10-02,440,357,&&,,,,,,,,
$$,344,1,activo,developer,2022-10-03,developer,2022-10-03,441,358,&&,,,,,,,,
$$,345,1,activo,developer,2022-10-04,developer,2022-10-04,445,358,&&,,,,,,,,
$$,346,1,activo,developer,2022-10-05,developer,2022-10-05,446,358,&&,,,,,,,,
$$,347,1,activo,developer,2022-10-06,developer,2022-10-06,447,358,&&,,,,,,,,
$$,348,1,activo,developer,2022-10-07,developer,2022-10-07,448,358,&&,,,,,,,,
$$,349,1,activo,developer,2021-12-26,developer,2021-12-26,450,358,&&,,,,,,,,
$$,350,1,activo,developer,2022-10-08,developer,2022-10-08,452,359,&&,,,,,,,,
$$,351,1,activo,developer,2022-10-09,developer,2022-10-09,453,359,&&,,,,,,,,
$$,352,1,activo,developer,2022-10-10,developer,2022-10-10,455,359,&&,,,,,,,,
$$,353,1,activo,developer,2022-10-11,developer,2022-10-11,456,359,&&,,,,,,,,
$$,354,1,activo,developer,2022-10-12,developer,2022-10-12,457,359,&&,,,,,,,,
$$,355,1,activo,developer,2022-10-13,developer,2022-10-13,458,359,&&,,,,,,,,
$$,356,1,activo,developer,2022-10-14,developer,2022-10-14,459,359,&&,,,,,,,,
$$,357,1,activo,developer,2022-10-15,developer,2022-10-15,460,359,&&,,,,,,,,
$$,358,1,activo,developer,2022-10-16,developer,2022-10-16,461,360,&&,,,,,,,,
$$,359,1,activo,developer,2022-10-17,developer,2022-10-17,462,360,&&,,,,,,,,
$$,360,1,activo,developer,2022-10-18,developer,2022-10-18,463,360,&&,,,,,,,,
$$,361,1,activo,developer,2022-10-19,developer,2022-10-19,464,360,&&,,,,,,,,
$$,362,1,activo,developer,2022-10-20,developer,2022-10-20,465,360,&&,,,,,,,,
$$,363,1,activo,developer,2022-10-21,developer,2022-10-21,467,360,&&,,,,,,,,
$$,364,1,activo,developer,2022-10-22,developer,2022-10-22,468,360,&&,,,,,,,,
$$,365,1,activo,developer,2022-10-23,developer,2022-10-23,470,360,&&,,,,,,,,
$$,366,1,activo,developer,2022-10-24,developer,2022-10-24,472,361,&&,,,,,,,,
$$,367,1,activo,developer,2022-10-25,developer,2022-10-25,474,361,&&,,,,,,,,
$$,368,1,activo,developer,2022-10-26,developer,2022-10-26,476,361,&&,,,,,,,,
$$,369,1,activo,developer,2022-10-27,developer,2022-10-27,478,361,&&,,,,,,,,
$$,370,1,activo,developer,2021-12-27,developer,2021-12-27,480,361,&&,,,,,,,,
$$,371,1,activo,developer,2022-10-28,developer,2022-10-28,481,362,&&,,,,,,,,
$$,372,1,activo,developer,2022-10-29,developer,2022-10-29,482,362,&&,,,,,,,,
$$,373,1,activo,developer,2022-10-30,developer,2022-10-30,483,362,&&,,,,,,,,
$$,374,1,activo,developer,2022-10-31,developer,2022-10-31,487,362,&&,,,,,,,,
$$,375,1,activo,developer,2022-11-01,developer,2022-11-01,488,362,&&,,,,,,,,
$$,376,1,activo,developer,2021-12-28,developer,2021-12-28,490,362,&&,,,,,,,,
$$,377,1,activo,developer,2022-11-02,developer,2022-11-02,491,363,&&,,,,,,,,
$$,378,1,activo,developer,2022-11-03,developer,2022-11-03,495,363,&&,,,,,,,,
$$,379,1,activo,developer,2022-11-04,developer,2022-11-04,496,363,&&,,,,,,,,
$$,380,1,activo,developer,2022-11-05,developer,2022-11-05,497,363,&&,,,,,,,,
$$,381,1,activo,developer,2022-11-06,developer,2022-11-06,498,363,&&,,,,,,,,
$$,382,1,activo,developer,2022-11-07,developer,2022-11-07,500,363,&&,,,,,,,,
$$,383,1,activo,developer,2022-11-08,developer,2022-11-08,502,364,&&,,,,,,,,
$$,384,1,activo,developer,2022-11-09,developer,2022-11-09,504,364,&&,,,,,,,,
$$,385,1,activo,developer,2022-11-10,developer,2022-11-10,505,364,&&,,,,,,,,
$$,386,1,activo,developer,2022-11-11,developer,2022-11-11,506,364,&&,,,,,,,,
$$,387,1,activo,developer,2022-11-12,developer,2022-11-12,507,364,&&,,,,,,,,
$$,388,1,activo,developer,2022-11-13,developer,2022-11-13,508,364,&&,,,,,,,,
$$,389,1,activo,developer,2021-12-29,developer,2021-12-29,510,364,&&,,,,,,,,
$$,390,1,activo,developer,2022-11-14,developer,2022-11-14,511,365,&&,,,,,,,,
$$,391,1,activo,developer,2022-11-15,developer,2022-11-15,512,365,&&,,,,,,,,
$$,392,1,activo,developer,2022-11-16,developer,2022-11-16,514,365,&&,,,,,,,,
$$,393,1,activo,developer,2022-11-17,developer,2022-11-17,515,365,&&,,,,,,,,
$$,394,1,activo,developer,2022-11-18,developer,2022-11-18,516,365,&&,,,,,,,,
$$,395,1,activo,developer,2022-11-19,developer,2022-11-19,517,365,&&,,,,,,,,
$$,396,1,activo,developer,2022-11-20,developer,2022-11-20,518,365,&&,,,,,,,,
$$,397,1,activo,developer,2021-12-30,developer,2021-12-30,520,365,&&,,,,,,,,
$$,398,1,activo,developer,2022-11-21,developer,2022-11-21,521,366,&&,,,,,,,,
$$,399,1,activo,developer,2022-11-22,developer,2022-11-22,522,366,&&,,,,,,,,
$$,400,1,activo,developer,2022-11-23,developer,2022-11-23,523,366,&&,,,,,,,,
$$,401,1,activo,developer,2022-11-24,developer,2022-11-24,526,366,&&,,,,,,,,
$$,402,1,activo,developer,2021-12-31,developer,2021-12-31,530,366,&&,,,,,,,,
$$,403,1,activo,developer,2022-11-25,developer,2022-11-25,531,367,&&,,,,,,,,
$$,404,1,activo,developer,2022-11-26,developer,2022-11-26,532,367,&&,,,,,,,,
$$,405,1,activo,developer,2022-11-27,developer,2022-11-27,533,367,&&,,,,,,,,
$$,406,1,activo,developer,2022-11-28,developer,2022-11-28,535,367,&&,,,,,,,,
$$,407,1,activo,developer,2022-11-29,developer,2022-11-29,536,367,&&,,,,,,,,
$$,408,1,activo,developer,2022-11-30,developer,2022-11-30,537,367,&&,,,,,,,,
$$,409,1,activo,developer,2022-12-01,developer,2022-12-01,538,367,&&,,,,,,,,
$$,410,1,activo,developer,2022-01-01,developer,2022-01-01,540,367,&&,,,,,,,,
$$,411,1,activo,developer,2022-12-02,developer,2022-12-02,541,368,&&,,,,,,,,
$$,412,1,activo,developer,2022-12-03,developer,2022-12-03,542,368,&&,,,,,,,,
$$,413,1,activo,developer,2022-12-04,developer,2022-12-04,543,368,&&,,,,,,,,
$$,414,1,activo,developer,2022-12-05,developer,2022-12-05,546,368,&&,,,,,,,,
$$,415,1,activo,developer,2022-12-06,developer,2022-12-06,547,368,&&,,,,,,,,
$$,416,1,activo,developer,2022-12-07,developer,2022-12-07,549,368,&&,,,,,,,,
$$,417,1,activo,developer,2022-01-02,developer,2022-01-02,550,368,&&,,,,,,,,
$$,418,1,activo,developer,2022-12-08,developer,2022-12-08,551,369,&&,,,,,,,,
$$,419,1,activo,developer,2022-12-09,developer,2022-12-09,552,369,&&,,,,,,,,
$$,420,1,activo,developer,2022-12-10,developer,2022-12-10,553,369,&&,,,,,,,,
$$,421,1,activo,developer,2022-12-11,developer,2022-12-11,554,369,&&,,,,,,,,
$$,422,1,activo,developer,2022-12-12,developer,2022-12-12,555,369,&&,,,,,,,,
$$,423,1,activo,developer,2022-12-13,developer,2022-12-13,556,369,&&,,,,,,,,
$$,424,1,activo,developer,2022-12-14,developer,2022-12-14,557,369,&&,,,,,,,,
$$,425,1,activo,developer,2022-01-03,developer,2022-01-03,560,369,&&,,,,,,,,
$$,426,1,activo,developer,2022-12-15,developer,2022-12-15,561,370,&&,,,,,,,,
$$,427,1,activo,developer,2022-12-16,developer,2022-12-16,562,370,&&,,,,,,,,
$$,428,1,activo,developer,2022-12-17,developer,2022-12-17,563,370,&&,,,,,,,,
$$,429,1,activo,developer,2022-12-18,developer,2022-12-18,564,370,&&,,,,,,,,
$$,430,1,activo,developer,2022-12-19,developer,2022-12-19,567,370,&&,,,,,,,,
$$,431,1,activo,developer,2022-12-20,developer,2022-12-20,568,370,&&,,,,,,,,
$$,432,1,activo,developer,2022-01-04,developer,2022-01-04,570,370,&&,,,,,,,,
$$,433,1,activo,developer,2022-12-21,developer,2022-12-21,571,371,&&,,,,,,,,
$$,434,1,activo,developer,2022-12-22,developer,2022-12-22,572,371,&&,,,,,,,,
$$,435,1,activo,developer,2022-12-23,developer,2022-12-23,573,371,&&,,,,,,,,
$$,436,1,activo,developer,2022-12-24,developer,2022-12-24,574,371,&&,,,,,,,,
$$,437,1,activo,developer,2022-12-25,developer,2022-12-25,575,371,&&,,,,,,,,
$$,438,1,activo,developer,2022-12-26,developer,2022-12-26,577,371,&&,,,,,,,,
$$,439,1,activo,developer,2022-12-27,developer,2022-12-27,578,371,&&,,,,,,,,
$$,440,1,activo,developer,2022-01-05,developer,2022-01-05,580,371,&&,,,,,,,,
$$,441,1,activo,developer,2022-12-28,developer,2022-12-28,581,372,&&,,,,,,,,
$$,442,1,activo,developer,2022-12-29,developer,2022-12-29,582,372,&&,,,,,,,,
$$,443,1,activo,developer,2022-12-30,developer,2022-12-30,583,372,&&,,,,,,,,
$$,444,1,activo,developer,2022-12-31,developer,2022-12-31,584,372,&&,,,,,,,,
$$,445,1,activo,developer,2023-01-01,developer,2023-01-01,585,372,&&,,,,,,,,
$$,446,1,activo,developer,2023-01-02,developer,2023-01-02,587,372,&&,,,,,,,,
$$,447,1,activo,developer,2023-01-03,developer,2023-01-03,588,372,&&,,,,,,,,
$$,448,1,activo,developer,2022-01-06,developer,2022-01-06,590,372,&&,,,,,,,,
$$,449,1,activo,developer,2023-01-04,developer,2023-01-04,591,373,&&,,,,,,,,
$$,450,1,activo,developer,2023-01-05,developer,2023-01-05,592,373,&&,,,,,,,,
$$,451,1,activo,developer,2023-01-06,developer,2023-01-06,593,373,&&,,,,,,,,
$$,452,1,activo,developer,2023-01-07,developer,2023-01-07,594,373,&&,,,,,,,,
$$,453,1,activo,developer,2023-01-08,developer,2023-01-08,595,373,&&,,,,,,,,
$$,454,1,activo,developer,2023-01-09,developer,2023-01-09,596,373,&&,,,,,,,,
$$,455,1,activo,developer,2023-01-10,developer,2023-01-10,597,373,&&,,,,,,,,
$$,456,1,activo,developer,2023-01-11,developer,2023-01-11,598,373,&&,,,,,,,,
$$,457,1,activo,developer,2023-01-12,developer,2023-01-12,600,373,&&,,,,,,,,
$$,458,1,activo,developer,2023-01-13,developer,2023-01-13,601,374,&&,,,,,,,,
$$,459,1,activo,developer,2023-01-14,developer,2023-01-14,602,374,&&,,,,,,,,
$$,460,1,activo,developer,2023-01-15,developer,2023-01-15,606,374,&&,,,,,,,,
$$,461,1,activo,developer,2023-01-16,developer,2023-01-16,608,374,&&,,,,,,,,
$$,462,1,activo,developer,2022-01-07,developer,2022-01-07,610,374,&&,,,,,,,,
$$,463,1,activo,developer,2023-01-17,developer,2023-01-17,611,375,&&,,,,,,,,
$$,464,1,activo,developer,2023-01-18,developer,2023-01-18,612,375,&&,,,,,,,,
$$,465,1,activo,developer,2023-01-19,developer,2023-01-19,613,375,&&,,,,,,,,
$$,466,1,activo,developer,2023-01-20,developer,2023-01-20,614,375,&&,,,,,,,,
$$,467,1,activo,developer,2023-01-21,developer,2023-01-21,615,375,&&,,,,,,,,
$$,468,1,activo,developer,2023-01-22,developer,2023-01-22,616,375,&&,,,,,,,,
$$,469,1,activo,developer,2023-01-23,developer,2023-01-23,617,375,&&,,,,,,,,
$$,470,1,activo,developer,2023-01-24,developer,2023-01-24,618,375,&&,,,,,,,,
$$,471,1,activo,developer,2023-01-25,developer,2023-01-25,619,375,&&,,,,,,,,
$$,472,1,activo,developer,2022-01-08,developer,2022-01-08,620,375,&&,,,,,,,,
$$,473,1,activo,developer,2023-01-26,developer,2023-01-26,622,376,&&,,,,,,,,
$$,474,1,activo,developer,2023-01-27,developer,2023-01-27,623,376,&&,,,,,,,,
$$,475,1,activo,developer,2023-01-28,developer,2023-01-28,624,376,&&,,,,,,,,
$$,476,1,activo,developer,2023-01-29,developer,2023-01-29,625,376,&&,,,,,,,,
$$,477,1,activo,developer,2023-01-30,developer,2023-01-30,626,376,&&,,,,,,,,
$$,478,1,activo,developer,2023-01-31,developer,2023-01-31,628,376,&&,,,,,,,,
$$,479,1,activo,developer,2023-02-01,developer,2023-02-01,629,376,&&,,,,,,,,
$$,480,1,activo,developer,2022-01-09,developer,2022-01-09,630,376,&&,,,,,,,,
